{
  "fiducials": [
    {
      "id": 0,
      "rotation_vector": [
        -1.2091995761561447,
        1.209199576156145,
        -1.209199576156145
      ],
      "translation_vector": [
        0,
        -0.13,
        -0.16
      ]
    },
    {
      "id": 2,
      "rotation_vector": [
        0,
        -2.221441469079183,
        2.221441469079183
      ],
      "translation_vector": [
        0.65,
        0,
        -0.38
      ]
    },
    {
      "id": 3,
      "rotation_vector": [
        0,
        -2.221441469079183,
        2.221441469079183
      ],
      "translation_vector": [
        1.16,
        0,
        -0.37
      ]
    }
  ],
  "tag_size": 0.080,
  "tag_family": "tagStandard41h12"
}